{
    "mean_total_query_time": 4.81012402748575,
    "total_times": [
        4.8809051513671875,
        9.215116500854492,
        7.589101791381836,
        17.580032348632812,
        5.349159240722656,
        4.762887954711914,
        4.054069519042969,
        4.177093505859375,
        4.853725433349609,
        4.114866256713867,
        4.391908645629883,
        4.392147064208984,
        3.9942264556884766,
        4.055023193359375,
        4.38380241394043,
        4.516839981079102,
        4.862785339355469,
        4.792928695678711,
        4.240989685058594,
        4.616260528564453,
        4.569053649902344,
        5.01704216003418,
        5.031108856201172,
        4.407167434692383,
        4.685163497924805,
        4.300117492675781,
        5.234956741333008,
        5.363941192626953,
        5.021810531616211,
        4.915952682495117,
        4.305839538574219,
        4.8770904541015625,
        4.734992980957031,
        5.276918411254883,
        4.39763069152832,
        5.134105682373047,
        5.079984664916992,
        5.105257034301758,
        3.8802623748779297,
        4.975080490112305,
        4.027843475341797,
        4.9190521240234375,
        4.297971725463867,
        4.637956619262695,
        4.392862319946289,
        4.308938980102539,
        4.739046096801758,
        4.745960235595703,
        4.825830459594727,
        4.509925842285156,
        3.977060317993164,
        4.195928573608398,
        4.575967788696289,
        4.789113998413086,
        4.663944244384766,
        4.635810852050781,
        5.615949630737305,
        4.299640655517578,
        4.183053970336914,
        4.991054534912109,
        4.720211029052734,
        4.782915115356445,
        4.792690277099609,
        4.443883895874023,
        4.220008850097656,
        4.724979400634766,
        4.824161529541016,
        4.279851913452148,
        4.1637420654296875,
        4.283905029296875,
        4.732847213745117,
        4.260063171386719,
        4.70280647277832,
        4.690885543823242,
        4.975795745849609,
        5.187749862670898,
        4.667758941650391,
        4.361867904663086,
        4.5719146728515625,
        4.46009635925293,
        4.854917526245117,
        4.537105560302734,
        4.212856292724609,
        5.414247512817383,
        5.073785781860352,
        5.3958892822265625,
        4.297018051147461,
        4.646778106689453,
        4.559993743896484,
        4.739046096801758,
        4.433870315551758,
        4.554986953735352,
        4.10008430480957,
        4.114866256713867,
        4.207134246826172,
        4.060983657836914,
        4.306316375732422,
        3.5638809204101562
    ]
}