{
    "0": 0.9079079079079079,
    "1": 0.8698698698698699,
    "2": 0.8628628628628628,
    "3": 0.8688688688688688,
    "4": 0.9139139139139139,
    "5": 0.8128128128128128
}