{
    "0": 0.8488488488488488,
    "1": 0.8028028028028028,
    "2": 0.37537537537537535,
    "3": 0.7077077077077077,
    "4": 0.5855855855855856,
    "5": 0.6026026026026026
}