{
    "0": 0.8558558558558559,
    "1": 0.7667667667667668,
    "2": 0.36036036036036034,
    "3": 0.6876876876876877,
    "4": 0.5735735735735735,
    "5": 0.6086086086086087
}