{
    "mean_total_query_time": 4.183387293398959,
    "total_times": [
        5.695104598999023,
        5.012989044189453,
        5.049228668212891,
        4.786968231201172,
        5.105018615722656,
        4.672050476074219,
        4.529714584350586,
        5.313873291015625,
        4.998922348022461,
        4.950046539306641,
        4.71186637878418,
        5.102872848510742,
        5.108833312988281,
        4.839181900024414,
        4.8313140869140625,
        4.153966903686523,
        4.608869552612305,
        4.089117050170898,
        3.930807113647461,
        3.913402557373047,
        4.241943359375,
        4.160881042480469,
        4.21905517578125,
        4.517793655395508,
        4.150867462158203,
        4.184961318969727,
        4.269123077392578,
        4.106044769287109,
        4.106044769287109,
        3.810882568359375,
        3.6191940307617188,
        3.6330223083496094,
        3.8590431213378906,
        4.28009033203125,
        4.047870635986328,
        3.3931732177734375,
        3.420114517211914,
        3.9420127868652344,
        3.7059783935546875,
        3.5338401794433594,
        4.137277603149414,
        3.7620067596435547,
        4.582881927490234,
        3.6652088165283203,
        3.9010047912597656,
        3.6728382110595703,
        3.5500526428222656,
        4.250049591064453,
        3.7376880645751953,
        3.716707229614258,
        3.8590431213378906,
        3.1969547271728516,
        4.35185432434082,
        4.428863525390625,
        3.5512447357177734,
        3.8690567016601562,
        4.94384765625,
        3.915071487426758,
        3.9687156677246094,
        4.264116287231445,
        3.6678314208984375,
        3.729104995727539,
        4.466056823730469,
        5.0907135009765625,
        4.475831985473633,
        4.069089889526367,
        4.324913024902344,
        4.051923751831055,
        6.084918975830078,
        3.9758682250976562,
        4.233121871948242,
        4.369258880615234,
        4.0607452392578125,
        3.5920143127441406,
        3.7169456481933594,
        4.261255264282227,
        3.893136978149414,
        3.8530826568603516,
        5.111932754516602,
        3.7658214569091797,
        4.268884658813477,
        4.599809646606445,
        4.386186599731445,
        4.029035568237305,
        3.8928985595703125,
        3.7200450897216797,
        4.06193733215332,
        4.904031753540039,
        4.029989242553711,
        3.5429000854492188,
        3.8530826568603516,
        4.058122634887695,
        3.657817840576172,
        3.9908885955810547,
        3.634929656982422,
        4.194021224975586,
        4.565954208374023,
        4.4460296630859375,
        3.8580894470214844,
        4.702091217041016,
        4.268884658813477,
        3.41796875,
        2.081155776977539
    ]
}