{
    "mean_total_query_time": 6.407045182727632,
    "total_times": [
        13.412237167358398,
        11.770963668823242,
        9.690046310424805,
        8.322000503540039,
        9.760141372680664,
        6.865024566650391,
        5.397796630859375,
        5.270957946777344,
        5.195140838623047,
        5.140066146850586,
        5.457878112792969,
        5.281925201416016,
        5.0678253173828125,
        5.107879638671875,
        4.947900772094727,
        5.178213119506836,
        4.99415397644043,
        5.003929138183594,
        4.773855209350586,
        4.324913024902344,
        3.5851001739501953
    ]
}