{
    "0": 0.8458458458458459,
    "1": 0.8038038038038038,
    "2": 0.37237237237237236,
    "3": 0.7167167167167167,
    "4": 0.6036036036036035,
    "5": 0.6266266266266266
}