{
    "0": 0.9319319319319319,
    "1": 0.8708708708708709,
    "2": 0.8418418418418419,
    "3": 0.8318318318318318,
    "4": 0.8948948948948949,
    "5": 0.8388388388388388
}