{
    "0": 0.9579579579579579,
    "1": 0.96996996996997,
    "2": 0.9189189189189189,
    "3": 0.9079079079079079,
    "4": 0.96996996996997,
    "5": 0.9039039039039038
}